{
  "apk_file": "Schoolz.apk",
  "size_mb": 18.86,
  "is_flutter_app": true,
  "details": {
    "markers": {
      "flutter_assets": true,
      "manifest_present": true,
      "resources_arsc": true
    },
    "assets_count": 369,
    "icons_count": 5,
    "notes": [
      "APK contains flutter_assets folder (so app is built with Flutter).",
      "AndroidManifest.xml is binary format (AXML).",
      "Extracted app icons and assets are available.",
      "libs.versions.toml not found in APK (only exists in original source)."
    ]
  }
}