{"assets/BackgroundTopSlideMenu.png":["assets/BackgroundTopSlideMenu.png"],"assets/IconchooseLocationStudentIcon.png":["assets/IconchooseLocationStudentIcon.png"],"assets/MapchooseLocationSchoolIcon.png":["assets/MapchooseLocationSchoolIcon.png"],"assets/MapchooseLocationStudentIcon.png":["assets/MapchooseLocationStudentIcon.png"],"assets/adduser-amico.png":["assets/adduser-amico.png"],"assets/ar.png":["assets/ar.png"],"assets/childFemale.png":["assets/childFemale.png"],"assets/childMale.png":["assets/childMale.png"],"assets/en.png":["assets/en.png"],"assets/iconClock.png":["assets/iconClock.png"],"assets/icons/MapchooseLocationSchoolIcon.svg":["assets/icons/MapchooseLocationSchoolIcon.svg"],"assets/icons/calculator.svg":["assets/icons/calculator.svg"],"assets/icons/camera_add.svg":["assets/icons/camera_add.svg"],"assets/icons/cc_power.svg":["assets/icons/cc_power.svg"],"assets/icons/child_boy.svg":["assets/icons/child_boy.svg"],"assets/icons/child_girl.svg":["assets/icons/child_girl.svg"],"assets/icons/clock.svg":["assets/icons/clock.svg"],"assets/icons/complaints.svg":["assets/icons/complaints.svg"],"assets/icons/deleted.svg":["assets/icons/deleted.svg"],"assets/icons/education.svg":["assets/icons/education.svg"],"assets/icons/email.svg":["assets/icons/email.svg"],"assets/icons/history_icon.svg":["assets/icons/history_icon.svg"],"assets/icons/home.svg":["assets/icons/home.svg"],"assets/icons/iconCircleBorder.svg":["assets/icons/iconCircleBorder.svg"],"assets/icons/icon_bus.png":["assets/icons/icon_bus.png"],"assets/icons/icon_camera.svg":["assets/icons/icon_camera.svg"],"assets/icons/icon_car.png":["assets/icons/icon_car.png"],"assets/icons/icon_coupon.svg":["assets/icons/icon_coupon.svg"],"assets/icons/icon_date.svg":["assets/icons/icon_date.svg"],"assets/icons/icon_edit.svg":["assets/icons/icon_edit.svg"],"assets/icons/icon_google.png":["assets/icons/icon_google.png"],"assets/icons/icon_location_circle.svg":["assets/icons/icon_location_circle.svg"],"assets/icons/icon_location_circle2.svg":["assets/icons/icon_location_circle2.svg"],"assets/icons/icon_person.svg":["assets/icons/icon_person.svg"],"assets/icons/icon_pickup.svg":["assets/icons/icon_pickup.svg"],"assets/icons/icon_successfully.svg":["assets/icons/icon_successfully.svg"],"assets/icons/icon_update.svg":["assets/icons/icon_update.svg"],"assets/icons/invoices.svg":["assets/icons/invoices.svg"],"assets/icons/kids.svg":["assets/icons/kids.svg"],"assets/icons/line_stip.svg":["assets/icons/line_stip.svg"],"assets/icons/location.svg":["assets/icons/location.svg"],"assets/icons/my_location_sharp.svg":["assets/icons/my_location_sharp.svg"],"assets/icons/notifications.svg":["assets/icons/notifications.svg"],"assets/icons/password.svg":["assets/icons/password.svg"],"assets/icons/paymentMethod_4..svg":["assets/icons/paymentMethod_4..svg"],"assets/icons/person.svg":["assets/icons/person.svg"],"assets/icons/person_add.svg":["assets/icons/person_add.svg"],"assets/icons/phone.svg":["assets/icons/phone.svg"],"assets/icons/phone_call.svg":["assets/icons/phone_call.svg"],"assets/icons/pp_speed_car.svg":["assets/icons/pp_speed_car.svg"],"assets/icons/requests.svg":["assets/icons/requests.svg"],"assets/icons/school.svg":["assets/icons/school.svg"],"assets/icons/send.svg":["assets/icons/send.svg"],"assets/icons/show_password.svg":["assets/icons/show_password.svg"],"assets/icons/subscriptions.svg":["assets/icons/subscriptions.svg"],"assets/icons/trip_history.svg":["assets/icons/trip_history.svg"],"assets/icons/whats_app.png":["assets/icons/whats_app.png"],"assets/images/Navigation-rafiki.png":["assets/images/Navigation-rafiki.png"],"assets/images/forgot_password.png":["assets/images/forgot_password.png"],"assets/images/maintenance_image.png":["assets/images/maintenance_image.png"],"assets/images/mobilelogin-bro.png":["assets/images/mobilelogin-bro.png"],"assets/images/password_uccessful.png":["assets/images/password_uccessful.png"],"assets/images/report_successfully.png":["assets/images/report_successfully.png"],"assets/images/step_one.png":["assets/images/step_one.png"],"assets/images/step_three.png":["assets/images/step_three.png"],"assets/images/step_two.png":["assets/images/step_two.png"],"assets/images/successfull.png":["assets/images/successfull.png"],"assets/images/work_subscription.svg":["assets/images/work_subscription.svg"],"assets/lang/ar-DZ.json":["assets/lang/ar-DZ.json"],"assets/lang/en-US.json":["assets/lang/en-US.json"],"assets/line.png":["assets/line.png"],"assets/logo.png":["assets/logo.png"],"assets/logoMark.png":["assets/logoMark.png"],"assets/logo_name.png":["assets/logo_name.png"],"assets/marker_car.png":["assets/marker_car.png"],"assets/order_ride_image.svg":["assets/order_ride_image.svg"],"assets/payments/paymentMethod_0.png":["assets/payments/paymentMethod_0.png"],"assets/payments/paymentMethod_1.png":["assets/payments/paymentMethod_1.png"],"assets/payments/paymentMethod_2.png":["assets/payments/paymentMethod_2.png"],"assets/payments/paymentMethod_3.png":["assets/payments/paymentMethod_3.png"],"assets/payments/paymentMethod_4.png":["assets/payments/paymentMethod_4.png"],"assets/payments/paymentMethod_5.png":["assets/payments/paymentMethod_5.png"],"assets/payments/paymentMethod_6.png":["assets/payments/paymentMethod_6.png"],"assets/payments/paymentMethod_7.png":["assets/payments/paymentMethod_7.png"],"assets/school_map_marker_icon.png":["assets/school_map_marker_icon.png"],"assets/schoolz-logo-full-color-rgb.png":["assets/schoolz-logo-full-color-rgb.png"],"assets/selectLanguage.png":["assets/selectLanguage.png"],"assets/user-17-512.png":["assets/user-17-512.png"],"assets/user_map_marker_icon.png":["assets/user_map_marker_icon.png"],"assets/vodafone_cash.png":["assets/vodafone_cash.png"],"fonts/The-Sans-Plain.otf":["fonts/The-Sans-Plain.otf"],"packages/flutter_google_places/assets/google_black.png":["packages/flutter_google_places/assets/google_black.png"],"packages/flutter_google_places/assets/google_white.png":["packages/flutter_google_places/assets/google_white.png"],"packages/fluttertoast/assets/toastify.css":["packages/fluttertoast/assets/toastify.css"],"packages/fluttertoast/assets/toastify.js":["packages/fluttertoast/assets/toastify.js"],"packages/font_awesome_flutter/lib/fonts/fa-brands-400.ttf":["packages/font_awesome_flutter/lib/fonts/fa-brands-400.ttf"],"packages/font_awesome_flutter/lib/fonts/fa-regular-400.ttf":["packages/font_awesome_flutter/lib/fonts/fa-regular-400.ttf"],"packages/font_awesome_flutter/lib/fonts/fa-solid-900.ttf":["packages/font_awesome_flutter/lib/fonts/fa-solid-900.ttf"],"packages/intl_phone_number_input/assets/flags/ad.png":["packages/intl_phone_number_input/assets/flags/ad.png"],"packages/intl_phone_number_input/assets/flags/ae.png":["packages/intl_phone_number_input/assets/flags/ae.png"],"packages/intl_phone_number_input/assets/flags/af.png":["packages/intl_phone_number_input/assets/flags/af.png"],"packages/intl_phone_number_input/assets/flags/ag.png":["packages/intl_phone_number_input/assets/flags/ag.png"],"packages/intl_phone_number_input/assets/flags/ai.png":["packages/intl_phone_number_input/assets/flags/ai.png"],"packages/intl_phone_number_input/assets/flags/al.png":["packages/intl_phone_number_input/assets/flags/al.png"],"packages/intl_phone_number_input/assets/flags/am.png":["packages/intl_phone_number_input/assets/flags/am.png"],"packages/intl_phone_number_input/assets/flags/an.png":["packages/intl_phone_number_input/assets/flags/an.png"],"packages/intl_phone_number_input/assets/flags/ao.png":["packages/intl_phone_number_input/assets/flags/ao.png"],"packages/intl_phone_number_input/assets/flags/aq.png":["packages/intl_phone_number_input/assets/flags/aq.png"],"packages/intl_phone_number_input/assets/flags/ar.png":["packages/intl_phone_number_input/assets/flags/ar.png"],"packages/intl_phone_number_input/assets/flags/as.png":["packages/intl_phone_number_input/assets/flags/as.png"],"packages/intl_phone_number_input/assets/flags/at.png":["packages/intl_phone_number_input/assets/flags/at.png"],"packages/intl_phone_number_input/assets/flags/au.png":["packages/intl_phone_number_input/assets/flags/au.png"],"packages/intl_phone_number_input/assets/flags/aw.png":["packages/intl_phone_number_input/assets/flags/aw.png"],"packages/intl_phone_number_input/assets/flags/ax.png":["packages/intl_phone_number_input/assets/flags/ax.png"],"packages/intl_phone_number_input/assets/flags/az.png":["packages/intl_phone_number_input/assets/flags/az.png"],"packages/intl_phone_number_input/assets/flags/ba.png":["packages/intl_phone_number_input/assets/flags/ba.png"],"packages/intl_phone_number_input/assets/flags/bb.png":["packages/intl_phone_number_input/assets/flags/bb.png"],"packages/intl_phone_number_input/assets/flags/bd.png":["packages/intl_phone_number_input/assets/flags/bd.png"],"packages/intl_phone_number_input/assets/flags/be.png":["packages/intl_phone_number_input/assets/flags/be.png"],"packages/intl_phone_number_input/assets/flags/bf.png":["packages/intl_phone_number_input/assets/flags/bf.png"],"packages/intl_phone_number_input/assets/flags/bg.png":["packages/intl_phone_number_input/assets/flags/bg.png"],"packages/intl_phone_number_input/assets/flags/bh.png":["packages/intl_phone_number_input/assets/flags/bh.png"],"packages/intl_phone_number_input/assets/flags/bi.png":["packages/intl_phone_number_input/assets/flags/bi.png"],"packages/intl_phone_number_input/assets/flags/bj.png":["packages/intl_phone_number_input/assets/flags/bj.png"],"packages/intl_phone_number_input/assets/flags/bl.png":["packages/intl_phone_number_input/assets/flags/bl.png"],"packages/intl_phone_number_input/assets/flags/bm.png":["packages/intl_phone_number_input/assets/flags/bm.png"],"packages/intl_phone_number_input/assets/flags/bn.png":["packages/intl_phone_number_input/assets/flags/bn.png"],"packages/intl_phone_number_input/assets/flags/bo.png":["packages/intl_phone_number_input/assets/flags/bo.png"],"packages/intl_phone_number_input/assets/flags/bq.png":["packages/intl_phone_number_input/assets/flags/bq.png"],"packages/intl_phone_number_input/assets/flags/br.png":["packages/intl_phone_number_input/assets/flags/br.png"],"packages/intl_phone_number_input/assets/flags/bs.png":["packages/intl_phone_number_input/assets/flags/bs.png"],"packages/intl_phone_number_input/assets/flags/bt.png":["packages/intl_phone_number_input/assets/flags/bt.png"],"packages/intl_phone_number_input/assets/flags/bv.png":["packages/intl_phone_number_input/assets/flags/bv.png"],"packages/intl_phone_number_input/assets/flags/bw.png":["packages/intl_phone_number_input/assets/flags/bw.png"],"packages/intl_phone_number_input/assets/flags/by.png":["packages/intl_phone_number_input/assets/flags/by.png"],"packages/intl_phone_number_input/assets/flags/bz.png":["packages/intl_phone_number_input/assets/flags/bz.png"],"packages/intl_phone_number_input/assets/flags/ca.png":["packages/intl_phone_number_input/assets/flags/ca.png"],"packages/intl_phone_number_input/assets/flags/cc.png":["packages/intl_phone_number_input/assets/flags/cc.png"],"packages/intl_phone_number_input/assets/flags/cd.png":["packages/intl_phone_number_input/assets/flags/cd.png"],"packages/intl_phone_number_input/assets/flags/cf.png":["packages/intl_phone_number_input/assets/flags/cf.png"],"packages/intl_phone_number_input/assets/flags/cg.png":["packages/intl_phone_number_input/assets/flags/cg.png"],"packages/intl_phone_number_input/assets/flags/ch.png":["packages/intl_phone_number_input/assets/flags/ch.png"],"packages/intl_phone_number_input/assets/flags/ci.png":["packages/intl_phone_number_input/assets/flags/ci.png"],"packages/intl_phone_number_input/assets/flags/ck.png":["packages/intl_phone_number_input/assets/flags/ck.png"],"packages/intl_phone_number_input/assets/flags/cl.png":["packages/intl_phone_number_input/assets/flags/cl.png"],"packages/intl_phone_number_input/assets/flags/cm.png":["packages/intl_phone_number_input/assets/flags/cm.png"],"packages/intl_phone_number_input/assets/flags/cn.png":["packages/intl_phone_number_input/assets/flags/cn.png"],"packages/intl_phone_number_input/assets/flags/co.png":["packages/intl_phone_number_input/assets/flags/co.png"],"packages/intl_phone_number_input/assets/flags/cr.png":["packages/intl_phone_number_input/assets/flags/cr.png"],"packages/intl_phone_number_input/assets/flags/cu.png":["packages/intl_phone_number_input/assets/flags/cu.png"],"packages/intl_phone_number_input/assets/flags/cv.png":["packages/intl_phone_number_input/assets/flags/cv.png"],"packages/intl_phone_number_input/assets/flags/cw.png":["packages/intl_phone_number_input/assets/flags/cw.png"],"packages/intl_phone_number_input/assets/flags/cx.png":["packages/intl_phone_number_input/assets/flags/cx.png"],"packages/intl_phone_number_input/assets/flags/cy.png":["packages/intl_phone_number_input/assets/flags/cy.png"],"packages/intl_phone_number_input/assets/flags/cz.png":["packages/intl_phone_number_input/assets/flags/cz.png"],"packages/intl_phone_number_input/assets/flags/de.png":["packages/intl_phone_number_input/assets/flags/de.png"],"packages/intl_phone_number_input/assets/flags/dj.png":["packages/intl_phone_number_input/assets/flags/dj.png"],"packages/intl_phone_number_input/assets/flags/dk.png":["packages/intl_phone_number_input/assets/flags/dk.png"],"packages/intl_phone_number_input/assets/flags/dm.png":["packages/intl_phone_number_input/assets/flags/dm.png"],"packages/intl_phone_number_input/assets/flags/do.png":["packages/intl_phone_number_input/assets/flags/do.png"],"packages/intl_phone_number_input/assets/flags/dz.png":["packages/intl_phone_number_input/assets/flags/dz.png"],"packages/intl_phone_number_input/assets/flags/ec.png":["packages/intl_phone_number_input/assets/flags/ec.png"],"packages/intl_phone_number_input/assets/flags/ee.png":["packages/intl_phone_number_input/assets/flags/ee.png"],"packages/intl_phone_number_input/assets/flags/eg.png":["packages/intl_phone_number_input/assets/flags/eg.png"],"packages/intl_phone_number_input/assets/flags/eh.png":["packages/intl_phone_number_input/assets/flags/eh.png"],"packages/intl_phone_number_input/assets/flags/er.png":["packages/intl_phone_number_input/assets/flags/er.png"],"packages/intl_phone_number_input/assets/flags/es.png":["packages/intl_phone_number_input/assets/flags/es.png"],"packages/intl_phone_number_input/assets/flags/et.png":["packages/intl_phone_number_input/assets/flags/et.png"],"packages/intl_phone_number_input/assets/flags/eu.png":["packages/intl_phone_number_input/assets/flags/eu.png"],"packages/intl_phone_number_input/assets/flags/fi.png":["packages/intl_phone_number_input/assets/flags/fi.png"],"packages/intl_phone_number_input/assets/flags/fj.png":["packages/intl_phone_number_input/assets/flags/fj.png"],"packages/intl_phone_number_input/assets/flags/fk.png":["packages/intl_phone_number_input/assets/flags/fk.png"],"packages/intl_phone_number_input/assets/flags/fm.png":["packages/intl_phone_number_input/assets/flags/fm.png"],"packages/intl_phone_number_input/assets/flags/fo.png":["packages/intl_phone_number_input/assets/flags/fo.png"],"packages/intl_phone_number_input/assets/flags/fr.png":["packages/intl_phone_number_input/assets/flags/fr.png"],"packages/intl_phone_number_input/assets/flags/ga.png":["packages/intl_phone_number_input/assets/flags/ga.png"],"packages/intl_phone_number_input/assets/flags/gb-eng.png":["packages/intl_phone_number_input/assets/flags/gb-eng.png"],"packages/intl_phone_number_input/assets/flags/gb-nir.png":["packages/intl_phone_number_input/assets/flags/gb-nir.png"],"packages/intl_phone_number_input/assets/flags/gb-sct.png":["packages/intl_phone_number_input/assets/flags/gb-sct.png"],"packages/intl_phone_number_input/assets/flags/gb-wls.png":["packages/intl_phone_number_input/assets/flags/gb-wls.png"],"packages/intl_phone_number_input/assets/flags/gb.png":["packages/intl_phone_number_input/assets/flags/gb.png"],"packages/intl_phone_number_input/assets/flags/gd.png":["packages/intl_phone_number_input/assets/flags/gd.png"],"packages/intl_phone_number_input/assets/flags/ge.png":["packages/intl_phone_number_input/assets/flags/ge.png"],"packages/intl_phone_number_input/assets/flags/gf.png":["packages/intl_phone_number_input/assets/flags/gf.png"],"packages/intl_phone_number_input/assets/flags/gg.png":["packages/intl_phone_number_input/assets/flags/gg.png"],"packages/intl_phone_number_input/assets/flags/gh.png":["packages/intl_phone_number_input/assets/flags/gh.png"],"packages/intl_phone_number_input/assets/flags/gi.png":["packages/intl_phone_number_input/assets/flags/gi.png"],"packages/intl_phone_number_input/assets/flags/gl.png":["packages/intl_phone_number_input/assets/flags/gl.png"],"packages/intl_phone_number_input/assets/flags/gm.png":["packages/intl_phone_number_input/assets/flags/gm.png"],"packages/intl_phone_number_input/assets/flags/gn.png":["packages/intl_phone_number_input/assets/flags/gn.png"],"packages/intl_phone_number_input/assets/flags/gp.png":["packages/intl_phone_number_input/assets/flags/gp.png"],"packages/intl_phone_number_input/assets/flags/gq.png":["packages/intl_phone_number_input/assets/flags/gq.png"],"packages/intl_phone_number_input/assets/flags/gr.png":["packages/intl_phone_number_input/assets/flags/gr.png"],"packages/intl_phone_number_input/assets/flags/gs.png":["packages/intl_phone_number_input/assets/flags/gs.png"],"packages/intl_phone_number_input/assets/flags/gt.png":["packages/intl_phone_number_input/assets/flags/gt.png"],"packages/intl_phone_number_input/assets/flags/gu.png":["packages/intl_phone_number_input/assets/flags/gu.png"],"packages/intl_phone_number_input/assets/flags/gw.png":["packages/intl_phone_number_input/assets/flags/gw.png"],"packages/intl_phone_number_input/assets/flags/gy.png":["packages/intl_phone_number_input/assets/flags/gy.png"],"packages/intl_phone_number_input/assets/flags/hk.png":["packages/intl_phone_number_input/assets/flags/hk.png"],"packages/intl_phone_number_input/assets/flags/hm.png":["packages/intl_phone_number_input/assets/flags/hm.png"],"packages/intl_phone_number_input/assets/flags/hn.png":["packages/intl_phone_number_input/assets/flags/hn.png"],"packages/intl_phone_number_input/assets/flags/hr.png":["packages/intl_phone_number_input/assets/flags/hr.png"],"packages/intl_phone_number_input/assets/flags/ht.png":["packages/intl_phone_number_input/assets/flags/ht.png"],"packages/intl_phone_number_input/assets/flags/hu.png":["packages/intl_phone_number_input/assets/flags/hu.png"],"packages/intl_phone_number_input/assets/flags/id.png":["packages/intl_phone_number_input/assets/flags/id.png"],"packages/intl_phone_number_input/assets/flags/ie.png":["packages/intl_phone_number_input/assets/flags/ie.png"],"packages/intl_phone_number_input/assets/flags/il.png":["packages/intl_phone_number_input/assets/flags/il.png"],"packages/intl_phone_number_input/assets/flags/im.png":["packages/intl_phone_number_input/assets/flags/im.png"],"packages/intl_phone_number_input/assets/flags/in.png":["packages/intl_phone_number_input/assets/flags/in.png"],"packages/intl_phone_number_input/assets/flags/io.png":["packages/intl_phone_number_input/assets/flags/io.png"],"packages/intl_phone_number_input/assets/flags/iq.png":["packages/intl_phone_number_input/assets/flags/iq.png"],"packages/intl_phone_number_input/assets/flags/ir.png":["packages/intl_phone_number_input/assets/flags/ir.png"],"packages/intl_phone_number_input/assets/flags/is.png":["packages/intl_phone_number_input/assets/flags/is.png"],"packages/intl_phone_number_input/assets/flags/it.png":["packages/intl_phone_number_input/assets/flags/it.png"],"packages/intl_phone_number_input/assets/flags/je.png":["packages/intl_phone_number_input/assets/flags/je.png"],"packages/intl_phone_number_input/assets/flags/jm.png":["packages/intl_phone_number_input/assets/flags/jm.png"],"packages/intl_phone_number_input/assets/flags/jo.png":["packages/intl_phone_number_input/assets/flags/jo.png"],"packages/intl_phone_number_input/assets/flags/jp.png":["packages/intl_phone_number_input/assets/flags/jp.png"],"packages/intl_phone_number_input/assets/flags/ke.png":["packages/intl_phone_number_input/assets/flags/ke.png"],"packages/intl_phone_number_input/assets/flags/kg.png":["packages/intl_phone_number_input/assets/flags/kg.png"],"packages/intl_phone_number_input/assets/flags/kh.png":["packages/intl_phone_number_input/assets/flags/kh.png"],"packages/intl_phone_number_input/assets/flags/ki.png":["packages/intl_phone_number_input/assets/flags/ki.png"],"packages/intl_phone_number_input/assets/flags/km.png":["packages/intl_phone_number_input/assets/flags/km.png"],"packages/intl_phone_number_input/assets/flags/kn.png":["packages/intl_phone_number_input/assets/flags/kn.png"],"packages/intl_phone_number_input/assets/flags/kp.png":["packages/intl_phone_number_input/assets/flags/kp.png"],"packages/intl_phone_number_input/assets/flags/kr.png":["packages/intl_phone_number_input/assets/flags/kr.png"],"packages/intl_phone_number_input/assets/flags/kw.png":["packages/intl_phone_number_input/assets/flags/kw.png"],"packages/intl_phone_number_input/assets/flags/ky.png":["packages/intl_phone_number_input/assets/flags/ky.png"],"packages/intl_phone_number_input/assets/flags/kz.png":["packages/intl_phone_number_input/assets/flags/kz.png"],"packages/intl_phone_number_input/assets/flags/la.png":["packages/intl_phone_number_input/assets/flags/la.png"],"packages/intl_phone_number_input/assets/flags/lb.png":["packages/intl_phone_number_input/assets/flags/lb.png"],"packages/intl_phone_number_input/assets/flags/lc.png":["packages/intl_phone_number_input/assets/flags/lc.png"],"packages/intl_phone_number_input/assets/flags/li.png":["packages/intl_phone_number_input/assets/flags/li.png"],"packages/intl_phone_number_input/assets/flags/lk.png":["packages/intl_phone_number_input/assets/flags/lk.png"],"packages/intl_phone_number_input/assets/flags/lr.png":["packages/intl_phone_number_input/assets/flags/lr.png"],"packages/intl_phone_number_input/assets/flags/ls.png":["packages/intl_phone_number_input/assets/flags/ls.png"],"packages/intl_phone_number_input/assets/flags/lt.png":["packages/intl_phone_number_input/assets/flags/lt.png"],"packages/intl_phone_number_input/assets/flags/lu.png":["packages/intl_phone_number_input/assets/flags/lu.png"],"packages/intl_phone_number_input/assets/flags/lv.png":["packages/intl_phone_number_input/assets/flags/lv.png"],"packages/intl_phone_number_input/assets/flags/ly.png":["packages/intl_phone_number_input/assets/flags/ly.png"],"packages/intl_phone_number_input/assets/flags/ma.png":["packages/intl_phone_number_input/assets/flags/ma.png"],"packages/intl_phone_number_input/assets/flags/mc.png":["packages/intl_phone_number_input/assets/flags/mc.png"],"packages/intl_phone_number_input/assets/flags/md.png":["packages/intl_phone_number_input/assets/flags/md.png"],"packages/intl_phone_number_input/assets/flags/me.png":["packages/intl_phone_number_input/assets/flags/me.png"],"packages/intl_phone_number_input/assets/flags/mf.png":["packages/intl_phone_number_input/assets/flags/mf.png"],"packages/intl_phone_number_input/assets/flags/mg.png":["packages/intl_phone_number_input/assets/flags/mg.png"],"packages/intl_phone_number_input/assets/flags/mh.png":["packages/intl_phone_number_input/assets/flags/mh.png"],"packages/intl_phone_number_input/assets/flags/mk.png":["packages/intl_phone_number_input/assets/flags/mk.png"],"packages/intl_phone_number_input/assets/flags/ml.png":["packages/intl_phone_number_input/assets/flags/ml.png"],"packages/intl_phone_number_input/assets/flags/mm.png":["packages/intl_phone_number_input/assets/flags/mm.png"],"packages/intl_phone_number_input/assets/flags/mn.png":["packages/intl_phone_number_input/assets/flags/mn.png"],"packages/intl_phone_number_input/assets/flags/mo.png":["packages/intl_phone_number_input/assets/flags/mo.png"],"packages/intl_phone_number_input/assets/flags/mp.png":["packages/intl_phone_number_input/assets/flags/mp.png"],"packages/intl_phone_number_input/assets/flags/mq.png":["packages/intl_phone_number_input/assets/flags/mq.png"],"packages/intl_phone_number_input/assets/flags/mr.png":["packages/intl_phone_number_input/assets/flags/mr.png"],"packages/intl_phone_number_input/assets/flags/ms.png":["packages/intl_phone_number_input/assets/flags/ms.png"],"packages/intl_phone_number_input/assets/flags/mt.png":["packages/intl_phone_number_input/assets/flags/mt.png"],"packages/intl_phone_number_input/assets/flags/mu.png":["packages/intl_phone_number_input/assets/flags/mu.png"],"packages/intl_phone_number_input/assets/flags/mv.png":["packages/intl_phone_number_input/assets/flags/mv.png"],"packages/intl_phone_number_input/assets/flags/mw.png":["packages/intl_phone_number_input/assets/flags/mw.png"],"packages/intl_phone_number_input/assets/flags/mx.png":["packages/intl_phone_number_input/assets/flags/mx.png"],"packages/intl_phone_number_input/assets/flags/my.png":["packages/intl_phone_number_input/assets/flags/my.png"],"packages/intl_phone_number_input/assets/flags/mz.png":["packages/intl_phone_number_input/assets/flags/mz.png"],"packages/intl_phone_number_input/assets/flags/na.png":["packages/intl_phone_number_input/assets/flags/na.png"],"packages/intl_phone_number_input/assets/flags/nc.png":["packages/intl_phone_number_input/assets/flags/nc.png"],"packages/intl_phone_number_input/assets/flags/ne.png":["packages/intl_phone_number_input/assets/flags/ne.png"],"packages/intl_phone_number_input/assets/flags/nf.png":["packages/intl_phone_number_input/assets/flags/nf.png"],"packages/intl_phone_number_input/assets/flags/ng.png":["packages/intl_phone_number_input/assets/flags/ng.png"],"packages/intl_phone_number_input/assets/flags/ni.png":["packages/intl_phone_number_input/assets/flags/ni.png"],"packages/intl_phone_number_input/assets/flags/nl.png":["packages/intl_phone_number_input/assets/flags/nl.png"],"packages/intl_phone_number_input/assets/flags/no.png":["packages/intl_phone_number_input/assets/flags/no.png"],"packages/intl_phone_number_input/assets/flags/np.png":["packages/intl_phone_number_input/assets/flags/np.png"],"packages/intl_phone_number_input/assets/flags/nr.png":["packages/intl_phone_number_input/assets/flags/nr.png"],"packages/intl_phone_number_input/assets/flags/nu.png":["packages/intl_phone_number_input/assets/flags/nu.png"],"packages/intl_phone_number_input/assets/flags/nz.png":["packages/intl_phone_number_input/assets/flags/nz.png"],"packages/intl_phone_number_input/assets/flags/om.png":["packages/intl_phone_number_input/assets/flags/om.png"],"packages/intl_phone_number_input/assets/flags/pa.png":["packages/intl_phone_number_input/assets/flags/pa.png"],"packages/intl_phone_number_input/assets/flags/pe.png":["packages/intl_phone_number_input/assets/flags/pe.png"],"packages/intl_phone_number_input/assets/flags/pf.png":["packages/intl_phone_number_input/assets/flags/pf.png"],"packages/intl_phone_number_input/assets/flags/pg.png":["packages/intl_phone_number_input/assets/flags/pg.png"],"packages/intl_phone_number_input/assets/flags/ph.png":["packages/intl_phone_number_input/assets/flags/ph.png"],"packages/intl_phone_number_input/assets/flags/pk.png":["packages/intl_phone_number_input/assets/flags/pk.png"],"packages/intl_phone_number_input/assets/flags/pl.png":["packages/intl_phone_number_input/assets/flags/pl.png"],"packages/intl_phone_number_input/assets/flags/pm.png":["packages/intl_phone_number_input/assets/flags/pm.png"],"packages/intl_phone_number_input/assets/flags/pn.png":["packages/intl_phone_number_input/assets/flags/pn.png"],"packages/intl_phone_number_input/assets/flags/pr.png":["packages/intl_phone_number_input/assets/flags/pr.png"],"packages/intl_phone_number_input/assets/flags/ps.png":["packages/intl_phone_number_input/assets/flags/ps.png"],"packages/intl_phone_number_input/assets/flags/pt.png":["packages/intl_phone_number_input/assets/flags/pt.png"],"packages/intl_phone_number_input/assets/flags/pw.png":["packages/intl_phone_number_input/assets/flags/pw.png"],"packages/intl_phone_number_input/assets/flags/py.png":["packages/intl_phone_number_input/assets/flags/py.png"],"packages/intl_phone_number_input/assets/flags/qa.png":["packages/intl_phone_number_input/assets/flags/qa.png"],"packages/intl_phone_number_input/assets/flags/re.png":["packages/intl_phone_number_input/assets/flags/re.png"],"packages/intl_phone_number_input/assets/flags/ro.png":["packages/intl_phone_number_input/assets/flags/ro.png"],"packages/intl_phone_number_input/assets/flags/rs.png":["packages/intl_phone_number_input/assets/flags/rs.png"],"packages/intl_phone_number_input/assets/flags/ru.png":["packages/intl_phone_number_input/assets/flags/ru.png"],"packages/intl_phone_number_input/assets/flags/rw.png":["packages/intl_phone_number_input/assets/flags/rw.png"],"packages/intl_phone_number_input/assets/flags/sa.png":["packages/intl_phone_number_input/assets/flags/sa.png"],"packages/intl_phone_number_input/assets/flags/sb.png":["packages/intl_phone_number_input/assets/flags/sb.png"],"packages/intl_phone_number_input/assets/flags/sc.png":["packages/intl_phone_number_input/assets/flags/sc.png"],"packages/intl_phone_number_input/assets/flags/sd.png":["packages/intl_phone_number_input/assets/flags/sd.png"],"packages/intl_phone_number_input/assets/flags/se.png":["packages/intl_phone_number_input/assets/flags/se.png"],"packages/intl_phone_number_input/assets/flags/sg.png":["packages/intl_phone_number_input/assets/flags/sg.png"],"packages/intl_phone_number_input/assets/flags/sh.png":["packages/intl_phone_number_input/assets/flags/sh.png"],"packages/intl_phone_number_input/assets/flags/si.png":["packages/intl_phone_number_input/assets/flags/si.png"],"packages/intl_phone_number_input/assets/flags/sj.png":["packages/intl_phone_number_input/assets/flags/sj.png"],"packages/intl_phone_number_input/assets/flags/sk.png":["packages/intl_phone_number_input/assets/flags/sk.png"],"packages/intl_phone_number_input/assets/flags/sl.png":["packages/intl_phone_number_input/assets/flags/sl.png"],"packages/intl_phone_number_input/assets/flags/sm.png":["packages/intl_phone_number_input/assets/flags/sm.png"],"packages/intl_phone_number_input/assets/flags/sn.png":["packages/intl_phone_number_input/assets/flags/sn.png"],"packages/intl_phone_number_input/assets/flags/so.png":["packages/intl_phone_number_input/assets/flags/so.png"],"packages/intl_phone_number_input/assets/flags/sr.png":["packages/intl_phone_number_input/assets/flags/sr.png"],"packages/intl_phone_number_input/assets/flags/ss.png":["packages/intl_phone_number_input/assets/flags/ss.png"],"packages/intl_phone_number_input/assets/flags/st.png":["packages/intl_phone_number_input/assets/flags/st.png"],"packages/intl_phone_number_input/assets/flags/sv.png":["packages/intl_phone_number_input/assets/flags/sv.png"],"packages/intl_phone_number_input/assets/flags/sx.png":["packages/intl_phone_number_input/assets/flags/sx.png"],"packages/intl_phone_number_input/assets/flags/sy.png":["packages/intl_phone_number_input/assets/flags/sy.png"],"packages/intl_phone_number_input/assets/flags/sz.png":["packages/intl_phone_number_input/assets/flags/sz.png"],"packages/intl_phone_number_input/assets/flags/tc.png":["packages/intl_phone_number_input/assets/flags/tc.png"],"packages/intl_phone_number_input/assets/flags/td.png":["packages/intl_phone_number_input/assets/flags/td.png"],"packages/intl_phone_number_input/assets/flags/tf.png":["packages/intl_phone_number_input/assets/flags/tf.png"],"packages/intl_phone_number_input/assets/flags/tg.png":["packages/intl_phone_number_input/assets/flags/tg.png"],"packages/intl_phone_number_input/assets/flags/th.png":["packages/intl_phone_number_input/assets/flags/th.png"],"packages/intl_phone_number_input/assets/flags/tj.png":["packages/intl_phone_number_input/assets/flags/tj.png"],"packages/intl_phone_number_input/assets/flags/tk.png":["packages/intl_phone_number_input/assets/flags/tk.png"],"packages/intl_phone_number_input/assets/flags/tl.png":["packages/intl_phone_number_input/assets/flags/tl.png"],"packages/intl_phone_number_input/assets/flags/tm.png":["packages/intl_phone_number_input/assets/flags/tm.png"],"packages/intl_phone_number_input/assets/flags/tn.png":["packages/intl_phone_number_input/assets/flags/tn.png"],"packages/intl_phone_number_input/assets/flags/to.png":["packages/intl_phone_number_input/assets/flags/to.png"],"packages/intl_phone_number_input/assets/flags/tr.png":["packages/intl_phone_number_input/assets/flags/tr.png"],"packages/intl_phone_number_input/assets/flags/tt.png":["packages/intl_phone_number_input/assets/flags/tt.png"],"packages/intl_phone_number_input/assets/flags/tv.png":["packages/intl_phone_number_input/assets/flags/tv.png"],"packages/intl_phone_number_input/assets/flags/tw.png":["packages/intl_phone_number_input/assets/flags/tw.png"],"packages/intl_phone_number_input/assets/flags/tz.png":["packages/intl_phone_number_input/assets/flags/tz.png"],"packages/intl_phone_number_input/assets/flags/ua.png":["packages/intl_phone_number_input/assets/flags/ua.png"],"packages/intl_phone_number_input/assets/flags/ug.png":["packages/intl_phone_number_input/assets/flags/ug.png"],"packages/intl_phone_number_input/assets/flags/um.png":["packages/intl_phone_number_input/assets/flags/um.png"],"packages/intl_phone_number_input/assets/flags/us.png":["packages/intl_phone_number_input/assets/flags/us.png"],"packages/intl_phone_number_input/assets/flags/uy.png":["packages/intl_phone_number_input/assets/flags/uy.png"],"packages/intl_phone_number_input/assets/flags/uz.png":["packages/intl_phone_number_input/assets/flags/uz.png"],"packages/intl_phone_number_input/assets/flags/va.png":["packages/intl_phone_number_input/assets/flags/va.png"],"packages/intl_phone_number_input/assets/flags/vc.png":["packages/intl_phone_number_input/assets/flags/vc.png"],"packages/intl_phone_number_input/assets/flags/ve.png":["packages/intl_phone_number_input/assets/flags/ve.png"],"packages/intl_phone_number_input/assets/flags/vg.png":["packages/intl_phone_number_input/assets/flags/vg.png"],"packages/intl_phone_number_input/assets/flags/vi.png":["packages/intl_phone_number_input/assets/flags/vi.png"],"packages/intl_phone_number_input/assets/flags/vn.png":["packages/intl_phone_number_input/assets/flags/vn.png"],"packages/intl_phone_number_input/assets/flags/vu.png":["packages/intl_phone_number_input/assets/flags/vu.png"],"packages/intl_phone_number_input/assets/flags/wf.png":["packages/intl_phone_number_input/assets/flags/wf.png"],"packages/intl_phone_number_input/assets/flags/ws.png":["packages/intl_phone_number_input/assets/flags/ws.png"],"packages/intl_phone_number_input/assets/flags/xk.png":["packages/intl_phone_number_input/assets/flags/xk.png"],"packages/intl_phone_number_input/assets/flags/ye.png":["packages/intl_phone_number_input/assets/flags/ye.png"],"packages/intl_phone_number_input/assets/flags/yt.png":["packages/intl_phone_number_input/assets/flags/yt.png"],"packages/intl_phone_number_input/assets/flags/za.png":["packages/intl_phone_number_input/assets/flags/za.png"],"packages/intl_phone_number_input/assets/flags/zm.png":["packages/intl_phone_number_input/assets/flags/zm.png"],"packages/intl_phone_number_input/assets/flags/zw.png":["packages/intl_phone_number_input/assets/flags/zw.png"],"packages/libphonenumber_plugin/assets/js/libphonenumber.js":["packages/libphonenumber_plugin/assets/js/libphonenumber.js"],"packages/libphonenumber_plugin/assets/js/stringbuffer.js":["packages/libphonenumber_plugin/assets/js/stringbuffer.js"],"packages/libphonenumber_plugin/js/libphonenumber.js":["packages/libphonenumber_plugin/js/libphonenumber.js"],"packages/libphonenumber_plugin/js/stringbuffer.js":["packages/libphonenumber_plugin/js/stringbuffer.js"]}